{
    "rifle": {
        "CG": {
            "local": { "mu": 10.305, "sigma": 0.366958074 },
            "region": { "mu": 10.305, "sigma": 0.366958074 },
            "nation": { "mu": 10.305, "sigma": 0.366958074 },
            "global": { "mu": 10.305, "sigma": 0.366958074 },
            "olympic": { "mu": 10.305, "sigma": 0.366958074 }
        },
        "JG":{
            "local": { "mu": 10.305, "sigma": 0.366958074 },
            "region": { "mu": 10.305, "sigma": 0.366958074 },
            "nation": { "mu": 10.305, "sigma": 0.366958074 },
            "global": { "mu": 10.305, "sigma": 0.366958074 },
            "olympic": { "mu": 10.305, "sigma": 0.366958074 }
        },
        "S1": {
            "local": { "mu": 10.305, "sigma": 0.366958074 },
            "region": { "mu": 10.305, "sigma": 0.366958074 },
            "nation": { "mu": 10.305, "sigma": 0.366958074 },
            "global": { "mu": 10.305, "sigma": 0.366958074 },
            "olympic": { "mu": 10.305, "sigma": 0.366958074 }
        },
        "S2": {
            "local": { "mu": 10.305, "sigma": 0.366958074 },
            "region": { "mu": 10.305, "sigma": 0.366958074 },
            "nation": { "mu": 10.305, "sigma": 0.366958074 },
            "global": { "mu": 10.305, "sigma": 0.366958074 },
            "olympic": { "mu": 10.305, "sigma": 0.366958074 }
        },
        "S3": {
            "local": { "mu": 10.305, "sigma": 0.366958074 },
            "region": { "mu": 10.305, "sigma": 0.366958074 },
            "nation": { "mu": 10.305, "sigma": 0.366958074 },
            "global": { "mu": 10.305, "sigma": 0.366958074 },
            "olympic": { "mu": 10.305, "sigma": 0.366958074 }
        },
        "CF": {
            "local": { "mu": 10.35, "sigma": 0.33752637 },
            "region": { "mu": 10.35, "sigma": 0.33752637 },
            "nation": { "mu": 10.35, "sigma": 0.33752637 },
            "global": { "mu": 10.35, "sigma": 0.33752637 },
            "olympic": { "mu": 10.35, "sigma": 0.33752637 }
        },
        "JF": {
            "local": { "mu": 10.35, "sigma": 0.33752637 },
            "region": { "mu": 10.35, "sigma": 0.33752637 },
            "nation": { "mu": 10.35, "sigma": 0.33752637 },
            "global": { "mu": 10.35, "sigma": 0.33752637 },
            "olympic": { "mu": 10.35, "sigma": 0.33752637 }
        },
        "D1": {
            "local": { "mu": 10.305, "sigma": 0.366958074 },
            "region": { "mu": 10.305, "sigma": 0.366958074 },
            "nation": { "mu": 10.305, "sigma": 0.366958074 },
            "global": { "mu": 10.305, "sigma": 0.366958074 },
            "olympic": { "mu": 10.305, "sigma": 0.366958074 }
        },
        "D2": {
            "local": { "mu": 10.305, "sigma": 0.366958074 },
            "region": { "mu": 10.305, "sigma": 0.366958074 },
            "nation": { "mu": 10.305, "sigma": 0.366958074 },
            "global": { "mu": 10.305, "sigma": 0.366958074 },
            "olympic": { "mu": 10.305, "sigma": 0.366958074 }
        },
        "D3": {
            "local": { "mu": 10.305, "sigma": 0.366958074 },
            "region": { "mu": 10.305, "sigma": 0.366958074 },
            "nation": { "mu": 10.305, "sigma": 0.366958074 },
            "global": { "mu": 10.305, "sigma": 0.366958074 },
            "olympic": { "mu": 10.305, "sigma": 0.366958074 }
        }
    },
    "pistol": {
        "CG": {
            "local": { "mu": 10.305, "sigma": 0.366958074 },
            "region": { "mu": 10.305, "sigma": 0.366958074 },
            "nation": { "mu": 10.305, "sigma": 0.366958074 },
            "global": { "mu": 10.305, "sigma": 0.366958074 },
            "olympic": { "mu": 10.305, "sigma": 0.366958074 }
        },
        "JG":{
            "local": { "mu": 10.305, "sigma": 0.366958074 },
            "region": { "mu": 10.305, "sigma": 0.366958074 },
            "nation": { "mu": 10.305, "sigma": 0.366958074 },
            "global": { "mu": 10.305, "sigma": 0.366958074 },
            "olympic": { "mu": 10.305, "sigma": 0.366958074 }
        },
        "S1": {
            "local": { "mu": 10.305, "sigma": 0.366958074 },
            "region": { "mu": 10.305, "sigma": 0.366958074 },
            "nation": { "mu": 10.305, "sigma": 0.366958074 },
            "global": { "mu": 10.305, "sigma": 0.366958074 },
            "olympic": { "mu": 10.305, "sigma": 0.366958074 }
        },
        "S2": {
            "local": { "mu": 10.305, "sigma": 0.366958074 },
            "region": { "mu": 10.305, "sigma": 0.366958074 },
            "nation": { "mu": 10.305, "sigma": 0.366958074 },
            "global": { "mu": 10.305, "sigma": 0.366958074 },
            "olympic": { "mu": 10.305, "sigma": 0.366958074 }
        },
        "S3": {
            "local": { "mu": 10.305, "sigma": 0.366958074 },
            "region": { "mu": 10.305, "sigma": 0.366958074 },
            "nation": { "mu": 10.305, "sigma": 0.366958074 },
            "global": { "mu": 10.305, "sigma": 0.366958074 },
            "olympic": { "mu": 10.305, "sigma": 0.366958074 }
        },
        "CF": {
            "local": { "mu": 10.305, "sigma": 0.366958074 },
            "region": { "mu": 10.305, "sigma": 0.366958074 },
            "nation": { "mu": 10.305, "sigma": 0.366958074 },
            "global": { "mu": 10.305, "sigma": 0.366958074 },
            "olympic": { "mu": 10.305, "sigma": 0.366958074 }
        },
        "JF": {
            "local": { "mu": 10.305, "sigma": 0.366958074 },
            "region": { "mu": 10.305, "sigma": 0.366958074 },
            "nation": { "mu": 10.305, "sigma": 0.366958074 },
            "global": { "mu": 10.305, "sigma": 0.366958074 },
            "olympic": { "mu": 10.305, "sigma": 0.366958074 }
        },
        "D1": {
            "local": { "mu": 10.305, "sigma": 0.366958074 },
            "region": { "mu": 10.305, "sigma": 0.366958074 },
            "nation": { "mu": 10.305, "sigma": 0.366958074 },
            "global": { "mu": 10.305, "sigma": 0.366958074 },
            "olympic": { "mu": 10.305, "sigma": 0.366958074 }
        },
        "D2": {
            "local": { "mu": 10.305, "sigma": 0.366958074 },
            "region": { "mu": 10.305, "sigma": 0.366958074 },
            "nation": { "mu": 10.305, "sigma": 0.366958074 },
            "global": { "mu": 10.305, "sigma": 0.366958074 },
            "olympic": { "mu": 10.305, "sigma": 0.366958074 }
        },
        "D3": {
            "local": { "mu": 10.305, "sigma": 0.366958074 },
            "region": { "mu": 10.305, "sigma": 0.366958074 },
            "nation": { "mu": 10.305, "sigma": 0.366958074 },
            "global": { "mu": 10.305, "sigma": 0.366958074 },
            "olympic": { "mu": 10.305, "sigma": 0.366958074 }
        }
    }
}